episode,episode_reward,final_saving_balance,episode_steps,loss
1,10744.0,,20000,9.106382369995117
2,17546.0,,20000,4.229630470275879
3,18936.0,,20000,1.2777351140975952
4,19494.0,,20000,0.18268318474292755
5,19640.0,,20000,3.834508333966369e-06
