episode,episode_reward,final_saving_balance,episode_steps,loss
1,7052.0,,20000,35.00984925031662
2,16200.0,,20000,54.918752181529996
3,19002.0,,20000,25.334325283765793
4,19598.0,,20000,3.2653000796213747
5,19746.0,,20000,0.24865542732877657
